id,speaker,voice,rate,pitch,volume,radio,text
darkstar_start,DARKSTAR,ru-RU-DmitryNeural,+0%,-6Hz,+0%,yes,"Даггер один, Блэк Сёркит начат. Ночной вылет на подавление ПВО. Взлёт с Кобулети, набор над морем, ожидать команду на вход."
raven_hold,RAVEN,ru-RU-SvetlanaNeural,+0%,-2Hz,+0%,yes,"Даггер, ударная группа держится над водой. Мы пойдём через берег только после подавления СА-6 и Бука."
sam_wake,DARKSTAR,ru-RU-DmitryNeural,+4%,-8Hz,+0%,yes,"Даггер один, противник проснулся. Активен СА-6 возле Гали, северо-восточнее работает обзорный радар Бук, в районе цели есть Тор."
sa6_down,DARKSTAR,ru-RU-DmitryNeural,+3%,-6Hz,+0%,yes,"Попадание подтверждено. Радар наведения СА-6 уничтожен. Хорошая работа, Даггер."
buk_down,DARKSTAR,ru-RU-DmitryNeural,+3%,-6Hz,+0%,yes,"Бук подавлен. Обзорный радар уничтожен. Коридор почти открыт."
no_kill_sa6,DARKSTAR,ru-RU-DmitryNeural,+4%,-6Hz,+0%,yes,"Поражение СА-6 не подтверждено. Стрейт Флэш всё ещё излучает. Повторная атака или держись вне зоны поражения."
no_kill_buk,DARKSTAR,ru-RU-DmitryNeural,+4%,-6Hz,+0%,yes,"Бук всё ещё жив. Сноу Дрифт остаётся главным приоритетом для прохода ударной группы."
primary_success,RAVEN,ru-RU-SvetlanaNeural,+2%,-2Hz,+0%,yes,"Даггер, основные излучатели подавлены. Ударная группа входит в коридор. Красиво сработал."
tor_clean,DARKSTAR,ru-RU-DmitryNeural,+3%,-6Hz,+0%,yes,"Оба Тора уничтожены. Точечная оборона подавлена. Дорога домой чистая."
